序号,电影名,评分,推荐语,链接
1,肖申克的救赎/TheShawshankRedemption/月黑高飞(港)/刺激1995(台),9.6,希望让人自由。,https://movie.douban.com/subject/1292052/
2,霸王别姬/再见，我的妾/FarewellMyConcubine,9.6,风华绝代。,https://movie.douban.com/subject/1291546/
3,这个杀手不太冷/Léon/杀手莱昂/终极追杀令(台),9.4,怪蜀黍和小萝莉不得不说的故事。,https://movie.douban.com/subject/1295644/
4,阿甘正传/ForrestGump/福雷斯特·冈普,9.4,一部美国近现代史。,https://movie.douban.com/subject/1292720/
5,美丽人生/Lavitaèbella/一个快乐的传说(港)/LifeIsBeautiful,9.5,最美的谎言。,https://movie.douban.com/subject/1292063/
6,泰坦尼克号/Titanic/铁达尼号(港/台),9.3,失去的才是永恒的。 ,https://movie.douban.com/subject/1292722/
7,千与千寻/千と千尋の神隠し/神隐少女(台)/千与千寻的神隐,9.3,最好的宫崎骏，最好的久石让。 ,https://movie.douban.com/subject/1291561/
8,辛德勒的名单/Schindler'sList/舒特拉的名单(港)/辛德勒名单,9.5,拯救一个人，就是拯救整个世界。,https://movie.douban.com/subject/1295124/
9,盗梦空间/Inception/潜行凶间(港)/全面启动(台),9.3,诺兰给了我们一场无法盗取的梦。,https://movie.douban.com/subject/3541415/
10,忠犬八公的故事/Hachi:ADog'sTale/忠犬小八(台)/秋田犬八千(港),9.3,永远都不能忘记你所爱的人。,https://movie.douban.com/subject/3011091/
11,机器人总动员/WALL·E/瓦力(台)/太空奇兵·威E(港),9.3,小瓦力，大人生。,https://movie.douban.com/subject/2131459/
12,三傻大闹宝莱坞/3Idiots/三个傻瓜(台)/作死不离3兄弟(港),9.2,英俊版憨豆，高情商版谢耳朵。,https://movie.douban.com/subject/3793023/
13,海上钢琴师/Laleggendadelpianistasull'oceano/声光伴我飞(港)/一九零零的传奇,9.2,每个人都要走一条自己坚定了的路，就算是粉身碎骨。 ,https://movie.douban.com/subject/1292001/
14,放牛班的春天/Leschoristes/歌声伴我心(港)/唱诗班男孩,9.3,天籁一般的童声，是最接近上帝的存在。 ,https://movie.douban.com/subject/1291549/
15,楚门的世界/TheTrumanShow/真人Show(港)/真人戏,9.2,如果再也不能见到你，祝你早安，午安，晚安。,https://movie.douban.com/subject/1292064/
16,大话西游之大圣娶亲/西遊記大結局之仙履奇緣/西游记完结篇仙履奇缘/齐天大圣西游记,9.2,一生所爱。,https://movie.douban.com/subject/1292213/
17,星际穿越/Interstellar/星际启示录(港)/星际效应(台),9.2,爱是一种力量，让我们超越时空感知它的存在。,https://movie.douban.com/subject/1889243/
18,龙猫/となりのトトロ/邻居托托罗/邻家的豆豆龙,9.2,人人心中都有个龙猫，童年就永远不会消失。,https://movie.douban.com/subject/1291560/
19,教父/TheGodfather/MarioPuzo'sTheGodfather,9.3,千万不要记恨你的对手，这样会让你失去理智。,https://movie.douban.com/subject/1291841/
20,熔炉/도가니/无声呐喊(港)/漩涡,9.3,我们一路奋战不是为了改变世界，而是为了不让世界改变我们。,https://movie.douban.com/subject/5912992/
21,无间道/無間道/InfernalAffairs/Mougaandou,9.2,香港电影史上永不过时的杰作。,https://movie.douban.com/subject/1307914/
22,疯狂动物城/Zootopia/优兽大都会(港)/动物方城市(台),9.2,迪士尼给我们营造的乌托邦就是这样，永远善良勇敢，永远出乎意料。,https://movie.douban.com/subject/25662329/
23,当幸福来敲门/ThePursuitofHappyness/寻找快乐的故事(港)/追求快乐,9.0,平民励志片。 ,https://movie.douban.com/subject/1849031/
24,怦然心动/Flipped/萌动青春/青春萌动,9.0,真正的幸福是来自内心深处。,https://movie.douban.com/subject/3319755/
25,触不可及/Intouchables/闪亮人生(港)/逆转人生(台),9.2,满满温情的高雅喜剧。,https://movie.douban.com/subject/6786002/
26,蝙蝠侠：黑暗骑士/TheDarkKnight/蝙蝠侠前传2：黑暗骑士/黑暗骑士(台),9.1,无尽的黑暗。,https://movie.douban.com/subject/1851857/
27,乱世佳人/GonewiththeWind/飘,9.2,Tomorrow is another day.,https://movie.douban.com/subject/1300267/
28,活着/人生/Lifetimes,9.2,张艺谋最好的电影。,https://movie.douban.com/subject/1292365/
29,控方证人/WitnessfortheProsecution/雄才伟略/情妇,9.6,比利·怀德满分作品。,https://movie.douban.com/subject/1296141/
30,少年派的奇幻漂流/LifeofPi/少年Pi的奇幻漂流/漂流少年Pi,9.0,瑰丽壮观、无人能及的冒险之旅。,https://movie.douban.com/subject/1929463/
31,指环王3：王者无敌/TheLordoftheRings:TheReturnoftheKing/魔戒三部曲：王者再临(台/港),9.2,史诗的终章。,https://movie.douban.com/subject/1291552/
32,天堂电影院/NuovoCinemaParadiso/星光伴我心(港)/新天堂乐园(台),9.2,那些吻戏，那些青春，都在影院的黑暗里被泪水冲刷得无比清晰。,https://movie.douban.com/subject/1291828/
33,鬼子来了/DevilsontheDoorstep,9.2,对敌人的仁慈，就是对自己残忍。,https://movie.douban.com/subject/1291858/
34,十二怒汉/12AngryMen/12怒汉/十二怒汉,9.4,1957年的理想主义。 ,https://movie.douban.com/subject/1293182/
35,天空之城/天空の城ラピュタ/TenkûnoshiroRapyuta/Laputa:CastleintheSky,9.1,对天空的追逐，永不停止。 ,https://movie.douban.com/subject/1291583/
36,摔跤吧！爸爸/Dangal/我和我的冠军女儿(台)/打死不离3父女(港),9.0,你不是在为你一个人战斗，你要让千千万万的女性看到女生并不是只能相夫教子。,https://movie.douban.com/subject/26387939/
37,飞屋环游记/Up/冲天救兵(港)/天外奇迹(台),9.0,最后那些最无聊的事情，才是最值得怀念的。 ,https://movie.douban.com/subject/2129039/
38,大话西游之月光宝盒/西遊記第壹佰零壹回之月光寶盒/西游记101回月光宝盒/齐天大圣东游记,9.0,旷古烁今。,https://movie.douban.com/subject/1299398/
39,搏击俱乐部/FightClub/搏击会(港)/斗阵俱乐部(台),9.0,邪恶与平庸蛰伏于同一个母体，在特定的时间互相对峙。,https://movie.douban.com/subject/1292000/
40,哈尔的移动城堡/ハウルの動く城/呼啸山城/霍尔的移动城堡,9.0,带着心爱的人在天空飞翔。,https://movie.douban.com/subject/1308807/
41,罗马假日/RomanHoliday/金枝玉叶(港)/罗马假期(台),9.0,爱情哪怕只有一天。,https://movie.douban.com/subject/1293839/
42,闻香识女人/ScentofaWoman/女人香/女人的芳香,9.0,史上最美的探戈。,https://movie.douban.com/subject/1298624/
43,辩护人/변호인/逆权大状(港)/正义辩护人(台),9.2,电影的现实意义大过电影本身。,https://movie.douban.com/subject/21937445/
44,末代皇帝/TheLastEmperor/末代皇帝溥仪(港),9.1,“不要跟我比惨，我比你更惨”再适合这部电影不过了。,https://movie.douban.com/subject/1293172/
45,窃听风暴/DasLebenderAnderen/窃听者(港)/他人的生活,9.1,别样人生。,https://movie.douban.com/subject/1900841/
46,寻梦环游记/Coco/可可夜总会(台)/玩转极乐园(港),9.0,死亡不是真的逝去，遗忘才是永恒的消亡。,https://movie.douban.com/subject/20495023/
47,"两杆大烟枪/Lock,StockandTwoSmokingBarrels/够姜四小强(港)/两根枪管(台)",9.1,4个臭皮匠顶个诸葛亮，盖·里奇果然不是盖的。,https://movie.douban.com/subject/1293350/
48,素媛/소원/许愿/希望：为爱重生(台),9.2,受过伤害的人总是笑得最开心，因为他们不愿意让身边的人承受一样的痛苦。,https://movie.douban.com/subject/21937452/
49,死亡诗社/DeadPoetsSociety/暴雨骄阳(港)/春风化雨(台),9.0,当一个死水般的体制内出现一个活跃的变数时，所有的腐臭都站在了光明的对面。,https://movie.douban.com/subject/1291548/
50,飞越疯人院/OneFlewOvertheCuckoo'sNest/飞越杜鹃窝(台)/飞越喜鹊巢,9.1,自由万岁。,https://movie.douban.com/subject/1292224/
51,指环王2：双塔奇兵/TheLordoftheRings:TheTwoTowers/魔戒二部曲：双城奇谋/指环王II：双塔,9.0,承前启后的史诗篇章。,https://movie.douban.com/subject/1291572/
52,教父2/TheGodfather:PartⅡ/教父续集/教父II,9.2,优雅的孤独。,https://movie.douban.com/subject/1299131/
53,V字仇杀队/VforVendetta/V煞(港)/V怪客(台),8.9,一张面具背后的理想与革命。,https://movie.douban.com/subject/1309046/
54,指环王1：魔戒再现/TheLordoftheRings:TheFellowshipoftheRing/魔戒首部曲：魔戒现身/指环王I：护戒使者,9.0,传说的开始。,https://movie.douban.com/subject/1291571/
55,狮子王/TheLionKing/狮子王3D,9.0,动物版《哈姆雷特》。,https://movie.douban.com/subject/1301753/
56,饮食男女/飲食男女/EatDrinkManWoman,9.1,人生不能像做菜，把所有的料都准备好了才下锅。,https://movie.douban.com/subject/1291818/
57,美丽心灵/ABeautifulMind/有你终生美丽(港)/美丽境界(台),9.0,爱是一切逻辑和原由。,https://movie.douban.com/subject/1306029/
58,海豚湾/TheCove/血色海湾(台)/海湾,9.3,海豚的微笑，是世界上最高明的伪装。,https://movie.douban.com/subject/3442220/
59,情书/LoveLetter/WhenICloseMyEyes/LettersofLove,8.9,暗恋的极致。,https://movie.douban.com/subject/1292220/
60,钢琴家/ThePianist/战地琴声(台)/战地琴人,9.1,音乐能化解仇恨。,https://movie.douban.com/subject/1296736/
61,本杰明·巴顿奇事/TheCuriousCaseofBenjaminButton/奇幻逆缘(港)/班杰明的奇幻旅程(台),8.8,在时间之河里感受溺水之苦。,https://movie.douban.com/subject/1485260/
62,看不见的客人/Contratiempo/佈局(台)/死无对证(港),8.8,你以为你以为的就是你以为的。,https://movie.douban.com/subject/26580232/
63,美国往事/OnceUponaTimeinAmerica/四海兄弟(台)/义薄云天(港),9.1,往事如烟，无处祭奠。,https://movie.douban.com/subject/1292262/
64,黑客帝国/TheMatrix/廿二世纪杀人网络(港)/骇客任务(台),8.9,视觉革命。,https://movie.douban.com/subject/1291843/
65,西西里的美丽传说/Malèna/真爱伴我行(台)/玛莲娜,8.8,美丽无罪。,https://movie.douban.com/subject/1292402/
66,哈利·波特与魔法石/HarryPotterandtheSorcerer'sStone/哈利波特1：神秘的魔法石(港/台),8.9,童话世界的开端。,https://movie.douban.com/subject/1295038/
67,小鞋子/بچههایآسمان/天堂的孩子/小童鞋,9.2,奔跑的孩子是天使。,https://movie.douban.com/subject/1303021/
68,大闹天宫/大闹天宫上下集/TheMonkeyKing,9.3,经典之作，历久弥新。,https://movie.douban.com/subject/1418019/
69,拯救大兵瑞恩/SavingPrivateRyan/雷霆救兵(港)/抢救雷恩大兵(台),9.0,美利坚精神输出大片No1.,https://movie.douban.com/subject/1292849/
70,让子弹飞/让子弹飞一会儿/火烧云,8.8,你给我翻译翻译，神马叫做TMD的惊喜。,https://movie.douban.com/subject/3742360/
71,致命魔术/ThePrestige/顶尖对决(台)/死亡魔法(港),8.8,孪生蝙蝠侠大战克隆金刚狼。,https://movie.douban.com/subject/1780330/
72,七宗罪/Se7en/火线追缉令(台)/7宗罪,8.8,警察抓小偷，老鼠玩死猫。,https://movie.douban.com/subject/1292223/
73,音乐之声/TheSoundofMusic/仙乐飘飘处处闻(港)/真善美(台),9.0,用音乐化解仇恨，让歌声串起美好。,https://movie.douban.com/subject/1294408/
74,被嫌弃的松子的一生/嫌われ松子の一生/花样奇缘(港)/令人讨厌的松子的一生(台),8.9,以戏谑来戏谑戏谑。,https://movie.douban.com/subject/1787291/
75,低俗小说/PulpFiction/黑色追緝令(台)/危险人物(港),8.8,故事的高级讲法。,https://movie.douban.com/subject/1291832/
76,猫鼠游戏/CatchMeIfYouCan/逍遥法外/神鬼交锋(台),8.9,骗子大师和执著警探的你追我跑故事。 ,https://movie.douban.com/subject/1305487/
77,沉默的羔羊/TheSilenceoftheLambs/沉默的羔羊,8.8,安东尼·霍普金斯的顶级表演。,https://movie.douban.com/subject/1293544/
78,天使爱美丽/Lefabuleuxdestind'AméliePoulain/艾蜜莉的异想世界(台)/天使艾米莉,8.7,法式小清新。 ,https://movie.douban.com/subject/1292215/
79,勇敢的心/Braveheart/惊世未了缘(港)/梅尔吉勃逊之英雄本色(台),8.9,史诗大片的典范。,https://movie.douban.com/subject/1294639/
80,蝴蝶效应/TheButterflyEffect/蝴蝶效应,8.7,人的命运被自己瞬间的抉择改变。,https://movie.douban.com/subject/1292343/
81,剪刀手爱德华/EdwardScissorhands/幻海奇缘(港)/剪刀手爱德华,8.7,浪漫忧郁的成人童话。,https://movie.douban.com/subject/1292370/
82,春光乍泄/春光乍洩/一起快乐/HappyTogether,8.9,爱情纠缠，男女一致。,https://movie.douban.com/subject/1292679/
83,心灵捕手/GoodWillHunting/骄阳似我(港)/心灵捕手,8.8,人生中应该拥有这样的一段豁然开朗。,https://movie.douban.com/subject/1292656/
84,禁闭岛/ShutterIsland/不赦岛(港)/隔离岛(台),8.7,昔日翩翩少年，今日大腹便便。,https://movie.douban.com/subject/2334904/
85,穿条纹睡衣的男孩/TheBoyintheStripedPajamas/穿条纹衣服的男孩/穿条纹衣的男孩,9.0,尽管有些不切实际的幻想，这部电影依旧是一部感人肺腑的佳作。,https://movie.douban.com/subject/3008247/
86,布达佩斯大饭店/TheGrandBudapestHotel/布达佩斯大酒店(港)/欢迎来到布达佩斯大饭店(台),8.8,小清新的故事里注入了大历史的情怀。,https://movie.douban.com/subject/11525673/
87,入殓师/おくりびと/礼仪师之奏鸣曲(港)/礼仪师(台),8.8,死可能是一道门，逝去并不是终结，而是超越，走向下一程。,https://movie.douban.com/subject/2149806/
88,阿凡达/Avatar/天神下凡(港)/化身,8.7,绝对意义上的美轮美奂。,https://movie.douban.com/subject/1652587/
89,幽灵公主/もののけ姫/魔法公主/幽灵少女,8.9,人与自然的战争史诗。,https://movie.douban.com/subject/1297359/
90,阳光灿烂的日子/IntheHeatoftheSun,8.8,一场华丽的意淫。,https://movie.douban.com/subject/1291875/
91,致命ID/Identity/杀人游戏/致命身份,8.7,最不可能的那个人永远是最可能的。,https://movie.douban.com/subject/1297192/
92,加勒比海盗/PiratesoftheCaribbean:TheCurseoftheBlackPearl/加勒比海盗1：黑珍珠号的诅咒/神鬼奇航：鬼盗船魔咒(台),8.7,约翰尼·德普的独角戏。,https://movie.douban.com/subject/1298070/
93,第六感/TheSixthSense/灵异第六感/鬼眼,8.8,深入内心的恐怖，出人意料的结局。,https://movie.douban.com/subject/1297630/
94,断背山/BrokebackMountain/断臂山/BBM,8.7,每个人心中都有一座断背山。,https://movie.douban.com/subject/1418834/
95,"摩登时代/ModernTimes/TheMasses/Tempsmodernes,Les",9.2,大时代中的人生，小人物的悲喜。,https://movie.douban.com/subject/1294371/
96,重庆森林/重慶森林/ChungkingExpress,8.7,寂寞没有期限。,https://movie.douban.com/subject/1291999/
97,狩猎/Jagten/谎言的烙印(台)/诬网(港),9.1,人言可畏。,https://movie.douban.com/subject/6985810/
98,玛丽和马克思/MaryandMax/巧克力情缘(台)/同是天涯寂寞客,8.9,你是我最好的朋友，你是我唯一的朋友 。,https://movie.douban.com/subject/3072124/
99,喜剧之王/喜劇之王/KingofComedy,8.7,我是一个演员。,https://movie.douban.com/subject/1302425/
100,告白/自白/母亲,8.7,没有一人完全善，也没有一人完全恶。,https://movie.douban.com/subject/4268598/
101,消失的爱人/GoneGirl/失踪的女孩/失踪女孩,8.7,年度最佳date movie。,https://movie.douban.com/subject/21318488/
102,大鱼/BigFish/大鱼奇缘(港)/大智若鱼(台),8.8,抱着梦想而活着的人是幸福的，怀抱梦想而死去的人是不朽的。,https://movie.douban.com/subject/1291545/
103,一一/Yiyi/Yiyi:AOneandaTwo,9.0,我们都曾经是一一。,https://movie.douban.com/subject/1292434/
104,射雕英雄传之东成西就/射鵰英雄傳之東成西就/东成西就/大英雄(日本),8.7,百看不厌。 ,https://movie.douban.com/subject/1316510/
105,阳光姐妹淘/써니/阳光姊妹淘(港)/桑尼,8.8,再多各自牛逼的时光，也比不上一起傻逼的岁月。 ,https://movie.douban.com/subject/4917726/
106,爱在黎明破晓前/BeforeSunrise/情留半天(港)/爱在黎明破晓时(台),8.8,缘分是个连绵词，最美不过一瞬。,https://movie.douban.com/subject/1296339/
107,甜蜜蜜/Comrades:AlmostaLoveStory,8.8,相逢只要一瞬间，等待却像是一辈子。,https://movie.douban.com/subject/1305164/
108,小森林夏秋篇/リトル・フォレスト夏・秋/小森食光/夏秋篇(台),9.0,那些静得只能听见呼吸的日子里，你明白孤独即生活。,https://movie.douban.com/subject/25814705/
109,请以你的名字呼唤我/CallMebyYourName/以你的名字呼唤我(港/台),8.8,沉醉在电影的情感和视听氛围中无法自拔。,https://movie.douban.com/subject/26799731/
110,侧耳倾听/耳をすませば/心之谷/梦幻街少女,8.8,少女情怀总是诗。,https://movie.douban.com/subject/1297052/
111,驯龙高手/HowtoTrainYourDragon/驯龙记(港),8.7,和谐的生活离不开摸头与被摸头。,https://movie.douban.com/subject/2353023/
112,红辣椒/パプリカ/盗梦侦探/帕布莉卡,8.9,梦的勾结。,https://movie.douban.com/subject/1865703/
113,倩女幽魂/倩女幽魂(87版)/倩女幽魂：妖魔道,8.7,两张绝世的脸。 ,https://movie.douban.com/subject/1297447/
114,恐怖直播/더테러라이브/死亡“动”新闻(港)/恐怖攻击直播(台),8.7,恐怖分子的“秋菊打官司”。,https://movie.douban.com/subject/21360417/
115,风之谷/風の谷のナウシカ/风谷少女/KazenotaninoNaushika,8.8,动画片的圣经。,https://movie.douban.com/subject/1291585/
116,超脱/Detachment/人间师格(台),8.8,穷尽一生，我们要学会的，不过是彼此拥抱。,https://movie.douban.com/subject/5322596/
117,爱在日落黄昏时/BeforeSunset/日落巴黎(港)/爱在日落巴黎时(台),8.8,九年后的重逢是世俗和责任的交叠，没了悸动和青涩，沧桑而温暖。,https://movie.douban.com/subject/1291990/
118,上帝之城/CidadedeDeus/无主之城(港)/无法无天(台),8.9,被上帝抛弃了的上帝之城。,https://movie.douban.com/subject/1292208/
119,菊次郎的夏天/菊次郎の夏/Kikujirônonatsu/菊次郎的夏天,8.8,从没见过那么流氓的温柔，从没见过那么温柔的流氓。,https://movie.douban.com/subject/1293359/
120,小森林冬春篇/リトル・フォレスト冬・春/小森食光/冬春篇(台),9.0,尊敬他人，尊敬你生活的这片土地，明白孤独是人生的常态。,https://movie.douban.com/subject/25814707/
121,哈利·波特与死亡圣器(下)/HarryPotterandtheDeathlyHallows:Part2/哈利波特7：死神的圣物2(港/台),8.7,10年的完美句点。,https://movie.douban.com/subject/3011235/
122,幸福终点站/TheTerminal/机场客运站(港)/航站情缘(台),8.7,有时候幸福需要等一等。 ,https://movie.douban.com/subject/1292274/
123,7号房的礼物/7번방의선물/戆爸的礼物(港)/7号囚房的礼物,8.8,《我是山姆》的《美丽人生》。,https://movie.douban.com/subject/10777687/
124,杀人回忆/살인의추억/谋杀回忆/杀手回忆录,8.7,关于连环杀人悬案的集体回忆。,https://movie.douban.com/subject/1300299/
125,借东西的小人阿莉埃蒂/借りぐらしのアリエッティ/借物少女艾莉缇(台)/借东西的小矮人亚莉亚蒂(港),8.7,曾经的那段美好会沉淀为一辈子的记忆。,https://movie.douban.com/subject/4202302/
126,神偷奶爸/DespicableMe/卑鄙的我/坏蛋奖门人(港),8.5,Mr. I Don't Care其实也有Care的时候。,https://movie.douban.com/subject/3287562/
127,蝙蝠侠：黑暗骑士崛起/TheDarkKnightRises/蝙蝠侠前传3：黑暗骑士崛起/黑暗骑士：黎明升起(台),8.7,诺兰就是保证。,https://movie.douban.com/subject/3395373/
128,萤火之森/蛍火の杜へ/萤火之社/Hotarubinomorie,8.8,触不到的恋人。,https://movie.douban.com/subject/5989818/
129,唐伯虎点秋香/唐伯虎點秋香/FlirtingScholar,8.5,华太师是黄霑，吴镇宇四大才子之一。,https://movie.douban.com/subject/1306249/
130,超能陆战队/BigHero6/大英雄联盟(港)/大英雄天团(台),8.6,Balalala~~~,https://movie.douban.com/subject/11026735/
131,"怪兽电力公司/Monsters,Inc./怪兽公司(港)/怪物公司",8.6,不要给它起名字，起了名字就有感情了。,https://movie.douban.com/subject/1291579/
132,岁月神偷/歲月神偷/1969太空漫游/EchoesOfTheRainbow,8.7,岁月流逝，来日可追。,https://movie.douban.com/subject/3792799/
133,无人知晓/誰も知らない/谁知赤子心(港)/无人知晓的夏日清晨(台),9.1,我的平常生活就是他人的幸福。,https://movie.douban.com/subject/1292337/
134,电锯惊魂/Saw/夺魂锯(台)/恐惧斗室(港),8.7,真相就在眼前。,https://movie.douban.com/subject/1417598/
135,七武士/七人の侍/七侠四义(港)/TheSevenSamurai,9.2,时代悲歌。,https://movie.douban.com/subject/1295399/
136,谍影重重3/TheBourneUltimatum/叛谍追击3：最后通牒(港)/神鬼认证：最后通牒(台),8.8,像吃了苏打饼一样干脆的电影。,https://movie.douban.com/subject/1578507/
137,真爱至上/LoveActually/爱是您，爱是我(台)/真的恋爱了(港),8.6,爱，是个动词。,https://movie.douban.com/subject/1292401/
138,疯狂原始人/TheCroods/古鲁家族(港/台),8.7,老少皆宜，这就是好莱坞动画的魅力。,https://movie.douban.com/subject/1907966/
139,喜宴/囍宴/TheWeddingBanquet,8.9,中国家庭的喜怒哀乐忍。,https://movie.douban.com/subject/1303037/
140,英雄本色/ABetterTomorrow/GanglandBoss,8.7,英雄泪短，兄弟情长。 ,https://movie.douban.com/subject/1297574/
141,东邪西毒/東邪西毒/AshesofTime,8.6,电影诗。,https://movie.douban.com/subject/1292328/
142,萤火虫之墓/火垂るの墓/再见萤火虫(港)/萤火挽歌,8.7,幸福是生生不息，却难以触及的远。 ,https://movie.douban.com/subject/1293318/
143,贫民窟的百万富翁/SlumdogMillionaire/贫民百万富翁(台)/一百万零一夜(港),8.5,上帝之城+猜火车+阿甘正传+开心辞典=山寨富翁,https://movie.douban.com/subject/2209573/
144,血战钢锯岭/HacksawRidge/钢锯岭/钢铁英雄(台),8.7,优秀的战争片不会美化战场，不会粉饰死亡，不会矮化敌人，不会无视常识，最重要的，不会宣扬战争。,https://movie.douban.com/subject/26325320/
145,黑天鹅/BlackSwan/夺命黑天鹅/霸王别鹅(豆友译名),8.5,黑暗之美。,https://movie.douban.com/subject/1978709/
146,记忆碎片/Memento/失忆/记忆拼图(台),8.6,一个针管引发的血案。,https://movie.douban.com/subject/1304447/
147,傲慢与偏见/Pride&Prejudice/傲慢与偏见2005/PrideAndPrejudice,8.5,爱是摈弃傲慢与偏见之后的曙光。,https://movie.douban.com/subject/1418200/
148,时空恋旅人/AboutTime/时空旅恋人/回到最爱的一天(港),8.7,把每天当作最后一天般珍惜度过，积极拥抱生活，就是幸福。,https://movie.douban.com/subject/10577869/
149,心迷宫/殡棺/TheCoffinintheMountain,8.7,荒诞讽刺，千奇百巧，抽丝剥茧，百转千回。,https://movie.douban.com/subject/25917973/
150,纵横四海/緃横四海/OnceaThief,8.8,香港浪漫主义警匪动作片的巅峰之作。,https://movie.douban.com/subject/1295409/
151,荒蛮故事/Relatossalvajes/蛮荒故事/生命中最抓狂的小事(台),8.8,始于荒诞，止于更荒诞。,https://movie.douban.com/subject/24750126/
152,雨人/RainMan/手足情未了/手足情深,8.7,生活在自己的世界里，也可以让周围的人显得可笑和渺小。,https://movie.douban.com/subject/1291870/
153,教父3/TheGodfather:PartIII/教父第三集/教父III,8.8,任何信念的力量，都无法改变命运。,https://movie.douban.com/subject/1294240/
154,达拉斯买家俱乐部/DallasBuyersClub/续命枭雄(港)/药命俱乐部(台),8.7,Jared Leto的腿比女人还美！,https://movie.douban.com/subject/1793929/
155,完美的世界/APerfectWorld/强盗保镳,9.1,坏人的好总是比好人的好来得更感人。,https://movie.douban.com/subject/1300992/
156,玩具总动员3/ToyStory3/反斗奇兵3(港)/玩具的故事3,8.8,跨度十五年的欢乐与泪水。,https://movie.douban.com/subject/1858711/
157,花样年华/花樣年華/IntheMoodforLove,8.6,偷情本没有这样美。,https://movie.douban.com/subject/1291557/
158,卢旺达饭店/HotelRwanda/卢安达饭店(台),8.9,当这个世界闭上双眼，他却敞开了怀抱。,https://movie.douban.com/subject/1291822/
159,何以为家/كفرناحوم/迦百农/星仔打官司(港),9.0,凝视卑弱生命，用电影改变命运。,https://movie.douban.com/subject/30170448/
160,海蒂和爷爷/Heidi/飘零燕(港)/海蒂,9.1,如果生活中有什么使你感到快乐，那就去做吧！不要管别人说什么。,https://movie.douban.com/subject/25958717/
161,海边的曼彻斯特/ManchesterbytheSea/情系海边之城(港),8.6,我们都有权利不与自己的过去和解。,https://movie.douban.com/subject/25980443/
162,被解救的姜戈/DjangoUnchained/被解放的姜戈/决杀令(台),8.6,热血沸腾，那个低俗、性感的无耻混蛋又来了。,https://movie.douban.com/subject/6307447/
163,"三块广告牌/ThreeBillboardsOutsideEbbing,Missouri/意外(台)/广告牌杀人事件(港)",8.7,怼天怼地，你走后，她与世界为敌。,https://movie.douban.com/subject/26611804/
164,恋恋笔记本/TheNotebook/深情日记/写我情真,8.5,爱情没有那么多借口，如果不能圆满，只能说明爱的不够。 ,https://movie.douban.com/subject/1309163/
165,你看起来好像很好吃/おまえうまそうだな/你看起来很好吃(台)/你看上去好像很好吃,8.8,感情不分食草或者食肉。,https://movie.douban.com/subject/4848115/
166,海洋/Océans/Oceans/海洋,9.0,大海啊，不全是水。,https://movie.douban.com/subject/3443389/
167,虎口脱险/Lagrandevadrouille/横冲直撞出重围(港)/大進擊(台),8.9,永远看不腻的喜剧。,https://movie.douban.com/subject/1296909/
168,头脑特工队/InsideOut/玩转脑朋友(港)/脑筋急转弯(台),8.7,愿我们都不用长大，每一座城堡都能永远存在。,https://movie.douban.com/subject/10533913/
169,你的名字。/君の名は。/你的名字/君之名,8.4,穿越错位的时空，仰望陨落的星辰，你没留下你的名字，我却无法忘记那句“我爱你”。,https://movie.douban.com/subject/26683290/
170,二十二/TwentyTwo/22,8.7,有一些东西不应该被遗忘。,https://movie.douban.com/subject/26430107/
171,无敌破坏王/Wreck-ItRalph/破坏王拉尔夫/破坏王大冒险,8.7,迪士尼和皮克斯拿错剧本的产物。,https://movie.douban.com/subject/6534248/
172,冰川时代/IceAge/冰河世纪/冰原历险记,8.5,松鼠才是角儿。,https://movie.douban.com/subject/1291578/
173,我是山姆/IAmSam/不一样的爸爸(港)/他不笨，他是我爸爸(台),8.9,爱并不需要智商 。,https://movie.douban.com/subject/1306861/
174,雨中曲/Singin'intheRain/雨中情/万花嬉春,9.0,骨灰级歌舞片。,https://movie.douban.com/subject/1293460/
175,燃情岁月/LegendsoftheFall/秋日传奇/真爱一世情(台),8.8,传奇，不是每个人都可以拥有。,https://movie.douban.com/subject/1295865/
176,爆裂鼓手/Whiplash/鼓动真我(港)/进击的鼓手(台),8.6,这个世界从不善待努力的人，努力了也不一定会成功，但是知道自己在努力，就是活下去的动力。,https://movie.douban.com/subject/25773932/
177,未麻的部屋/PerfectBlue/蓝色的恐惧/蓝色恐惧,8.9,好的剧本是，就算你猜到了结局也猜不到全部。,https://movie.douban.com/subject/1395091/
178,人工智能/ArtificialIntelligence:AI/AI人工智慧,8.6,对爱的执着，可以超越一切。,https://movie.douban.com/subject/1302827/
179,模仿游戏/TheImitationGame/解码游戏(港)/模拟游戏,8.6,他给机器起名“克里斯托弗”，因为这是他初恋的名字。,https://movie.douban.com/subject/10463953/
180,一个叫欧维的男人决定去死/EnmansomheterOve/明天别再来敲门(台)/想死冇咁易(港),8.8,惠及一生的美丽。,https://movie.douban.com/subject/26628357/
181,穿越时空的少女/時をかける少女/跳跃吧！时空少女(台)/Tokiokakerushôjo,8.6,爱上未来的你。 ,https://movie.douban.com/subject/1937946/
182,魂断蓝桥/WaterlooBridge/滑铁卢桥/断桥残梦,8.8,中国式内在的美国电影。,https://movie.douban.com/subject/1293964/
183,房间/Room/不存在的房间(台)/抖室(港),8.8,被偷走的岁月，被伤害的生命，被禁锢的灵魂，终将被希望和善意救赎。,https://movie.douban.com/subject/25724855/
184,忠犬八公物语/ハチ公物語/八千公物语/阿八的故事,9.1,养狗三日，便会对你终其一生。,https://movie.douban.com/subject/1959195/
185,猜火车/Trainspotting/迷幻列车(港)/定位的火车,8.5,不可猜的青春迷笛。 ,https://movie.douban.com/subject/1292528/
186,魔女宅急便/魔女の宅急便/魔女琪琪(台)/小魔女限时专送,8.6,宫崎骏的电影总让人感觉世界是美好的，阳光明媚的。,https://movie.douban.com/subject/1307811/
187,恐怖游轮/Triangle/汪洋血迷宮(台)/轮回三角,8.4,不要企图在重复中寻找已经失去的爱。,https://movie.douban.com/subject/3011051/
188,罗生门/羅生門/Rashomon,8.7,人生的N种可能性。,https://movie.douban.com/subject/1291879/
189,完美陌生人/Perfettisconosciuti/完美谎情(港)/波动的信息分享,8.5,来啊，互相伤害啊！,https://movie.douban.com/subject/26614893/
190,哪吒闹海/PrinceNezha'sTriumphAgainstDragonKing/Nezhanaohai,8.9,想你时你在闹海。,https://movie.douban.com/subject/1307315/
191,阿飞正传/阿飛正傳/DaysofBeingWild,8.5,王家卫是一种风格，张国荣是一个代表。,https://movie.douban.com/subject/1305690/
192,海街日记/海街diary/海街女孩日记(港)/KamakuraDiary,8.7,是枝裕和的家庭习作。,https://movie.douban.com/subject/25895901/
193,黑客帝国3：矩阵革命/TheMatrixRevolutions/骇客任务完结篇：最后战役/廿二世纪杀人网络3：惊变世纪,8.6,不得不说，《黑客帝国》系列是商业片与科幻、哲学完美结合的典范。,https://movie.douban.com/subject/1302467/
194,香水/Perfume:TheStoryofaMurderer/香水：一个杀人犯的故事/香水：一个谋杀犯的故事,8.5,一个单凭体香达到高潮的男人。,https://movie.douban.com/subject/1760622/
195,朗读者/TheReader/为爱朗读(台)/读爱(港),8.5,当爱情跨越年龄的界限，它似乎能变得更久远一点，成为一种责任，一种水到渠成的相濡以沫。 ,https://movie.douban.com/subject/2213597/
196,浪潮/DieWelle/恶魔教室(台)/白恤暴潮(港),8.7,世界离独裁只有五天。,https://movie.douban.com/subject/2297265/
197,可可西里/Kekexili:MountainPatrol,8.7,坚硬的信仰。,https://movie.douban.com/subject/1308857/
198,谍影重重2/TheBourneSupremacy/叛谍追击2：机密圈套(港)/神鬼认证：神鬼疑云(台),8.6,谁说王家卫镜头很晃？,https://movie.douban.com/subject/1308767/
199,天书奇谭/TheLegendofSealedBook/SecretsoftheHeavenlyBook,9.1,传奇的年代，醉人的童话。,https://movie.douban.com/subject/1428581/
200,谍影重重/TheBourneIdentity/叛谍追击(港)/神鬼认证(台),8.5,哗啦啦啦啦，天在下雨，哗啦啦啦啦，云在哭泣……找自己。,https://movie.douban.com/subject/1304102/
201,牯岭街少年杀人事件/牯嶺街少年殺人事件/ABrighterSummerDay,8.8,弱者送给弱者的一刀。,https://movie.douban.com/subject/1292329/
202,战争之王/LordofWar/军火之王(台/港),8.6,做一颗让别人需要你的棋子。,https://movie.douban.com/subject/1419936/
203,地球上的星星/TaareZameenPar/心中的小星星(台)/每一个孩子都是特别的,8.9,天使保护事件始末。,https://movie.douban.com/subject/2363506/
204,惊魂记/Psycho/精神病患者/触目惊心,8.9,故事的反转与反转，分裂电影的始祖。,https://movie.douban.com/subject/1293181/
205,青蛇/GreenSnake,8.5,人生如此，浮生如斯。谁人言，花彼岸，此生情长意短。谁都是不懂爱的罢了。,https://movie.douban.com/subject/1303394/
206,疯狂的石头/CrazyStone,8.4,中国版《两杆大烟枪》。,https://movie.douban.com/subject/1862151/
207,初恋这件小事/สิ่งเล็กเล็กที่เรียกว่า...รัก/初恋那件小事(港)/暗恋那点小事,8.3,黑小鸭速效美白记。,https://movie.douban.com/subject/4739952/
208,终结者2：审判日/Terminator2:JudgmentDay/终结者2/终结者2：末日审判,8.6,少见的超越首部的续集，动作片中的经典。,https://movie.douban.com/subject/1291844/
209,源代码/SourceCode/启动原始码(台)/危机解密(港),8.4,邓肯·琼斯继《月球》之后再度奉献出一部精彩绝伦的科幻佳作。,https://movie.douban.com/subject/3075287/
210,一次别离/جدایینادرازسیمین/分居风暴(台)/伊朗式分居(港),8.7,只有有信仰的人才能说出事实真相。,https://movie.douban.com/subject/5964718/
211,步履不停/歩いても歩いても/横山家之味(港/台),8.8,日本的家庭电影已经是世界巅峰了，步履不停是巅峰中的佳作。,https://movie.douban.com/subject/2222996/
212,追随/Following/跟踪(台)/致命追踪,8.9,诺兰的牛逼来源于内心散发出的恐惧。,https://movie.douban.com/subject/1397546/
213,小萝莉的猴神大叔/BajrangiBhaijaan/娃娃返乡任务(台)/宝莱坞之钢铁奶爸(台),8.5,宝莱坞的萝莉与大叔。,https://movie.douban.com/subject/26393561/
214,新龙门客栈/新龍門客棧/NewDragonGateInn,8.5,嬉笑怒骂，调风动月。,https://movie.douban.com/subject/1292287/
215,再次出发之纽约遇见你/BeginAgain/再次出发/歌曲改变人生,8.5,爱我就给我看你的播放列表。,https://movie.douban.com/subject/6874403/
216,爱在午夜降临前/BeforeMidnight/爱在午夜希腊时(台)/情约半生(港),8.8,所谓爱情，就是话唠一路，都不会心生腻烦，彼此嫌弃。,https://movie.douban.com/subject/10808442/
217,撞车/Crash/冲击效应/冲撞,8.6,天使与魔鬼的冲撞。,https://movie.douban.com/subject/1388216/
218,无耻混蛋/InglouriousBasterds/恶棍特工(台)/希魔撞正杀人狂(港),8.5,昆汀同学越来越变态了，比北野武还杜琪峰。,https://movie.douban.com/subject/1438652/
219,梦之安魂曲/RequiemforaDream/噩梦挽歌(台)/迷上瘾(港),8.7,一场没有春天的噩梦。,https://movie.douban.com/subject/1292270/
220,城市之光/CityLights/CityLights:AComedyRomanceinPantomime/LichterderGroßstadt,9.3,永远的小人物，伟大的卓别林。,https://movie.douban.com/subject/1293908/
221,东京物语/東京物語/东京故事/TokyoStory,9.2,东京那么大，如果有一天走失了，恐怕一辈子不能再相见。,https://movie.douban.com/subject/1291568/
222,功夫/功夫3D/KungFuHustle,8.3,警恶惩奸，维护世界和平这个任务就交给你了，好吗？,https://movie.douban.com/subject/1291543/
223,彗星来的那一夜/Coherence/相干性/相干效应,8.5,小成本大魅力。,https://movie.douban.com/subject/25807345/
224,绿里奇迹/TheGreenMile/绿色奇迹(台)/绿色英里,8.7,天使暂时离开。,https://movie.douban.com/subject/1300374/
225,血钻/BloodDiamond/血腥钻石/滴血钻石,8.6,每个美丽事物背后都是滴血的现实。,https://movie.douban.com/subject/1428175/
226,2001太空漫游/2001:ASpaceOdyssey/2001：星际漫游/2001：太空奥德赛,8.7,现代科幻电影的开山之作，最伟大导演的最伟大影片。,https://movie.douban.com/subject/1292226/
227,奇迹男孩/Wonder/奇迹,8.6,世界不完美，爱会有奇迹。,https://movie.douban.com/subject/26787574/
228,聚焦/Spotlight/焦点追击(港)/惊爆焦点(台),8.8,新闻人的理性求真。,https://movie.douban.com/subject/25954475/
229,这个男人来自地球/TheManfromEarth/地球不死人(港)/这个人来自洞穴,8.5,科幻真正的魅力不是视觉效果能取代的。 ,https://movie.douban.com/subject/2300586/
230,E.T.外星人/E.T.:TheExtra-Terrestrial/外星人E.T./外星人,8.5,生病的E.T.皮肤的颜色就像柿子饼。,https://movie.douban.com/subject/1294638/
231,末路狂花/Thelma&Louise/塞尔玛与路易丝/末路狂花,8.7,没有了退路，只好飞向自由。,https://movie.douban.com/subject/1291992/
232,发条橙/AClockworkOrange/发条桔子/发条橙子,8.5,我完全康复了。,https://movie.douban.com/subject/1292233/
233,变脸/Face/Off/夺面双雄,8.4,当发哥的风衣、墨镜出现在了凯奇身上⋯⋯,https://movie.douban.com/subject/1292659/
234,勇闯夺命岛/TheRock/石破天惊/绝地任务,8.6,类型片的极致。 ,https://movie.douban.com/subject/1292728/
235,黑鹰坠落/BlackHawkDown/黑鹰降落/黑鹰计划,8.6,还原真实而残酷的战争。,https://movie.douban.com/subject/1291824/
236,疯狂的麦克斯4：狂暴之路/MadMax:FuryRoad/末日先锋：战甲飞车(港)/疯狂麦斯：愤怒道(台),8.6,“多么美好的一天！”轰轰轰砰咚，啪哒哒哒轰隆隆，磅~,https://movie.douban.com/subject/3592854/
237,"黄金三镖客/Ilbuono,ilbrutto,ilcattivo./好·坏·丑/独行侠决斗地狱门(港)",9.1,最棒的西部片。,https://movie.douban.com/subject/1401118/
238,秒速5厘米/秒速5センチメートル/秒速五厘米/秒速5公分,8.3,青春就是放弃和怀念。,https://movie.douban.com/subject/2043546/
239,国王的演讲/TheKing'sSpeech/皇上无话儿(港)/王者之声：宣战时刻(台),8.4,皇上无话儿。,https://movie.douban.com/subject/4023638/
240,我爱你/그대를사랑합니다/爱你/爱，是一生相伴(台),9.0,你要相信，这世上真的有爱存在，不管在什么年纪 ,https://movie.douban.com/subject/5908478/
241,非常嫌疑犯/TheUsualSuspects/刺激惊爆点(台)/普通嫌疑犯,8.6,我不信仰上帝，但我敬畏上帝。,https://movie.douban.com/subject/1292214/
242,卡萨布兰卡/Casablanca/北非谍影(港)/卡萨布兰卡,8.6,世界上有那么多女人那么多酒馆，但她偏偏走进我的这家。,https://movie.douban.com/subject/1296753/
243,千钧一发/Gattaca/变种异煞/自然人,8.7,一部能引人思考的科幻励志片。,https://movie.douban.com/subject/1300117/
244,遗愿清单/TheBucketList/玩转身前事(港)/一路玩到挂(台),8.6,用剩余不多的时间，去燃烧整个生命。,https://movie.douban.com/subject/1867345/
245,美国丽人/AmericanBeauty/美丽有罪(港)/美国心·玫瑰情(台),8.5,每个人的内心都是深不可测的大海。 ,https://movie.douban.com/subject/1292062/
246,驴得水/Mr.Donkey,8.3,过去的如果就让它过去了，未来只会越来越糟！,https://movie.douban.com/subject/25921812/
247,新世界/신세계/暗黑新世界(台)/NewWorld,8.7,要做就做得狠一点，这样才能活下去。,https://movie.douban.com/subject/10437779/
248,釜山行/부산행/尸速列车(台)/尸杀列车(港),8.4,揭露人性的丧尸题材力作。,https://movie.douban.com/subject/25986180/
249,四个春天/FourSprings,8.9,来也匆匆去也匆匆，就这样风雨兼程。,https://movie.douban.com/subject/27191492/
250,荒岛余生/CastAway/浩劫重生(台)/劫后重生(港),8.5,一个人的独角戏。,https://movie.douban.com/subject/1298653/
